"file","id","group","description","defect","status","message","n_warnings","warnings","elapsed","outcome"
"00-fixtures","FX-01",NA,"seed ASA resolves",NA,"PASS",NA,0,NA,1.30178046226501,"pass"
"00-fixtures","FX-02",NA,"seed bank resolves",NA,"PASS",NA,0,NA,0.324397563934326,"pass"
"00-fixtures","FX-03",NA,"discover ENK sample",NA,"PASS",NA,0,NA,0.454209804534912,"pass"
"00-fixtures","FX-04",NA,"discover NUF sample",NA,"PASS",NA,0,NA,0.414537191390991,"pass"
"00-fixtures","FX-05",NA,"discover bankrupt sample",NA,"PASS",NA,0,NA,0.439704418182373,"pass"
"00-fixtures","FX-06",NA,"discover large Oslo AS sample",NA,"PASS",NA,0,NA,0.469749927520752,"pass"
"00-fixtures","FX-07",NA,"discover underenheter of seed",NA,"PASS",NA,0,NA,0.281042337417603,"pass"
"00-fixtures","FX-08",NA,"discover recently deleted org via CDC",NA,"PASS",NA,0,NA,15.954318523407,"pass"
"00-fixtures","FX-09",NA,"discover recently created org via CDC",NA,"PASS",NA,0,NA,0.000974655151367188,"pass"
"00-fixtures","FX-10",NA,"discover org in a corporate group",NA,"PASS",NA,0,NA,2.06320476531982,"pass"
"00-fixtures","FX-11",NA,"discover org with no corporate group",NA,"PASS",NA,0,NA,0.352762222290039,"pass"
"00-fixtures","FX-12",NA,"discover org with registered prokura",NA,"PASS",NA,0,NA,0.367385864257812,"pass"
"00-fixtures","FX-13",NA,"discover org with entity-held role",NA,"PASS",NA,0,NA,0.170586824417114,"pass"
"00-fixtures","FX-14",NA,"seed holds legal roles elsewhere",NA,"PASS",NA,0,NA,0.298765659332275,"pass"
"00-fixtures","FX-15",NA,"CDC field-level sample available",NA,"PASS",NA,0,NA,0.771202087402344,"pass"
"10-validate","V-01",NA,"known valid orgnr accepted",NA,"PASS",NA,0,NA,0.000767707824707031,"pass"
"10-validate","V-02",NA,"bad check digit rejected",NA,"PASS",NA,0,NA,0.0138931274414062,"pass"
"10-validate","V-03",NA,"short input rejected",NA,"PASS",NA,0,NA,0.000640869140625,"pass"
"10-validate","V-04",NA,"long input rejected",NA,"PASS",NA,0,NA,0.000534534454345703,"pass"
"10-validate","V-05",NA,"non-digit rejected",NA,"PASS",NA,0,NA,0.000496149063110352,"pass"
"10-validate","V-06",NA,"empty string rejected",NA,"PASS",NA,0,NA,0.000499963760375977,"pass"
"10-validate","V-07",NA,"NA rejected without error",NA,"PASS",NA,0,NA,0.00056147575378418,"pass"
"10-validate","V-08",NA,"NA_character_ rejected",NA,"PASS",NA,0,NA,0.000571727752685547,"pass"
"10-validate","V-09",NA,"vectorised over mixed input",NA,"PASS",NA,0,NA,0.000651836395263672,"pass"
"10-validate","V-10",NA,"numeric input coerced",NA,"PASS",NA,0,NA,0.000653982162475586,"pass"
"10-validate","V-11",NA,"zero-length input returns zero-length logical",NA,"PASS",NA,0,NA,0.000499486923217773,"pass"
"10-validate","V-12",NA,"result is unnamed",NA,"PASS",NA,0,NA,0.000823020935058594,"pass"
"10-validate","V-13",NA,"check digit 10 case rejected for every possible last digit",NA,"PASS",NA,0,NA,0.000874757766723633,"pass"
"10-validate","V-14",NA,"leading whitespace rejected",NA,"PASS",NA,0,NA,0.000519275665283203,"pass"
"10-validate","V-15",NA,"prefix rule does not reject mod-11-valid non-8/9 numbers","D-02","FAIL"," logi FALSE",0,NA,0.0481240749359131,"defect_confirmed"
"10-validate","V-16",NA,"agrees with independent mod-11 on 8/9 prefixed numbers",NA,"PASS",NA,0,NA,0.329827547073364,"pass"
"10-validate","V-17",NA,"large vector does not error",NA,"PASS",NA,0,NA,0.621968030929565,"pass"
"10-validate","V-18",NA,"factor input handled",NA,"PASS",NA,0,NA,0.000651836395263672,"pass"
"10-validate","V-19",NA,"list input errors rather than silently coercing",NA,"PASS",NA,0,NA,0.000506877899169922,"pass"
"10-validate","V-20",NA,"no side effects on the filesystem",NA,"PASS",NA,0,NA,0.000554084777832031,"pass"
"11-parse-internals","P-01",NA,"field_dict has the documented shape",NA,"PASS",NA,0,NA,0.000617504119873047,"pass"
"11-parse-internals","P-02",NA,"field_dict api_path values are unique",NA,"PASS",NA,0,NA,0.0078279972076416,"pass"
"11-parse-internals","P-03",NA,"field_dict col_name values are unique","D-90","FAIL"," logi FALSE",0,NA,0.00329256057739258,"defect_confirmed"
"11-parse-internals","P-03b",NA,"colliding api_paths do not silently discard one another's value","D-90","FAIL"," logi FALSE",0,NA,0.00692152976989746,"defect_confirmed"
"11-parse-internals","P-04",NA,"field_dict types are all coercible targets",NA,"PASS",NA,0,NA,0.000605106353759766,"pass"
"11-parse-internals","P-05",NA,"no two api_paths collapse to the same snake_case name","D-29","PASS",NA,0,NA,0.000808954238891602,"pass_unexpected"
"11-parse-internals","P-06",NA,"to_snake handles camelCase",NA,"PASS",NA,0,NA,0.000516653060913086,"pass"
"11-parse-internals","P-07",NA,"to_snake handles dot notation",NA,"PASS",NA,0,NA,0.000498771667480469,"pass"
"11-parse-internals","P-08",NA,"to_snake handles digit boundaries",NA,"PASS",NA,0,NA,0.000501632690429688,"pass"
"11-parse-internals","P-09",NA,"to_snake is idempotent",NA,"PASS",NA,0,NA,0.000522136688232422,"pass"
"11-parse-internals","P-10",NA,"flatten_json produces dot-notation keys",NA,"PASS",NA,0,NA,0.000658273696899414,"pass"
"11-parse-internals","P-11",NA,"flatten_json recurses past depth 2",NA,"PASS",NA,0,NA,0.00517487525939941,"pass"
"11-parse-internals","P-12",NA,"unnamed arrays are joined with the same separator as the bulk path","D-28","PASS",NA,0,NA,0.000794887542724609,"pass_unexpected"
"11-parse-internals","P-13",NA,"rename_from_dict emits only observed columns, not the full dictionary",NA,"PASS",NA,0,NA,0.00132250785827637,"pass"
"11-parse-internals","P-13b",NA,"every column rename_from_dict does emit is a real dictionary or passthrough name",NA,"PASS",NA,0,NA,0.00159978866577148,"pass"
"11-parse-internals","P-14",NA,"rename_from_dict drops nothing (zero-drop policy)","D-29","PASS",NA,0,NA,0.00170159339904785,"pass_unexpected"
"11-parse-internals","P-15",NA,"HAL links never reach the output",NA,"PASS",NA,0,NA,0.00135564804077148,"pass"
"11-parse-internals","P-16",NA,"coerce_types produces the declared classes for every emitted column",NA,"PASS",NA,0,NA,0.00385332107543945,"pass"
"11-parse-internals","P-17",NA,"parse_entity returns exactly one row",NA,"PASS",NA,0,NA,0.00281476974487305,"pass"
"11-parse-internals","P-18",NA,"parse_entities on heterogeneous payloads keeps a stable schema",NA,"PASS",NA,0,NA,0.00519037246704102,"pass"
"11-parse-internals","P-19",NA,"parse_entity is invariant to field order",NA,"PASS",NA,0,NA,0.00529837608337402,"pass"
"11-parse-internals","P-20",NA,"empty payload does not error",NA,"PASS",NA,0,NA,0.00146985054016113,"pass"
"11-parse-internals","P-21",NA,"clean bulk CSV parses",NA,"PASS",NA,0,NA,0.135568380355835,"pass"
"11-parse-internals","P-22",NA,"20 integer parse failures are reported as an attribute",NA,"PASS",NA,0,NA,0.036780834197998,"pass"
"11-parse-internals","P-23",NA,"more than 20 integer parse failures do not abort the parse","D-27","ERROR","Tibble columns must have compatible sizes.
* Size 25: Existing data.
* Size 20: Column `actual`.
i Only values of size one are recycled.",0,NA,0.0340948104858398,"defect_confirmed"
"11-parse-internals","P-24",NA,"parse problem table rows equal the number of failures","D-27","PASS",NA,0,NA,0.0162417888641357,"pass_unexpected"
"11-parse-internals","P-25",NA,"flatten_cell on NULL yields NA",NA,"PASS",NA,0,NA,0.000494003295898438,"pass"
"11-parse-internals","P-26",NA,"flatten_cell on an empty data frame yields NA",NA,"PASS",NA,0,NA,0.000519752502441406,"pass"
"11-parse-internals","P-27",NA,"flatten_cell on a data frame yields valid JSON",NA,"PASS",NA,0,NA,0.0112569332122803,"pass"
"11-parse-internals","P-28",NA,"flatten_cell on a named list yields valid JSON",NA,"PASS",NA,0,NA,0.000837802886962891,"pass"
"11-parse-internals","P-29",NA,"flatten_cell is total over all-NULL lists",NA,"PASS",NA,0,NA,0.000504732131958008,"pass"
"11-parse-internals","P-30",NA,"drop_hal_links removes only link columns",NA,"PASS",NA,0,NA,0.00134992599487305,"pass"
"11-parse-internals","P-31",NA,"rename_and_coerce is case insensitive on api paths",NA,"PASS",NA,0,NA,0.00173068046569824,"pass"
"11-parse-internals","P-32",NA,"rename_and_coerce does not materialize fields absent from the batch",NA,"PASS",NA,0,NA,0.00156116485595703,"pass"
"11-parse-internals","P-32b",NA,"rename_and_coerce emits a field once observed anywhere in the batch",NA,"PASS",NA,0,NA,0.00172591209411621,"pass"
"11-parse-internals","P-33",NA,"extract_entity_name handles the jsonlite shape",NA,"PASS",NA,0,NA,0.000604152679443359,"pass"
"11-parse-internals","P-34",NA,"extract_entity_name handles the yyjsonr shape",NA,"PASS",NA,0,NA,0.000466585159301758,"pass"
"11-parse-internals","P-35",NA,"extract_entity_name handles unnamed lists",NA,"PASS",NA,0,NA,0.000500679016113281,"pass"
"11-parse-internals","P-36",NA,"extract_entity_name handles NULL",NA,"PASS",NA,0,NA,0.000528335571289062,"pass"
"11-parse-internals","P-37",NA,"flatten_roles produces the documented columns",NA,"PASS",NA,0,NA,0.010761022567749,"pass"
"11-parse-internals","P-38",NA,"flatten_roles schema is invariant to fratraadt presence","D-09","FAIL"," logi FALSE",0,NA,0.00396609306335449,"defect_confirmed"
"11-parse-internals","P-39",NA,"flatten_roles handles more than 200 roles",NA,"PASS",NA,0,NA,0.0718574523925781,"pass"
"11-parse-internals","P-40",NA,"flatten_roles person_id is stable across calls",NA,"PASS",NA,0,NA,0.0036003589630127,"pass"
"11-parse-internals","P-41",NA,"flatten_roles empty group yields a typed empty tibble","D-05","FAIL"," logi FALSE",0,NA,0.00108051300048828,"defect_confirmed"
"11-parse-internals","P-42",NA,"flatten_roles_bulk_fast matches flatten_roles",NA,"PASS",NA,0,NA,0.00755047798156738,"pass"
"11-parse-internals","P-43",NA,"bulk flatten produces identical person_id to the per-org flatten",NA,"PASS",NA,0,NA,0.00488853454589844,"pass"
"11-parse-internals","P-44",NA,"bulk flatten on zero entities yields typed empty","D-05","FAIL"," logi FALSE",0,NA,0.00106382369995117,"defect_confirmed"
"11-parse-internals","P-45",NA,"lookup_role passes unknown codes through",NA,"PASS",NA,0,NA,0.000571012496948242,"pass"
"11-parse-internals","P-46",NA,"lookup_role_vec is vectorised and order preserving",NA,"PASS",NA,0,NA,0.000530242919921875,"pass"
"11-parse-internals","P-47",NA,"role_types codes are unique",NA,"PASS",NA,0,NA,0.000543117523193359,"pass"
"11-parse-internals","P-48",NA,"role_groups codes are unique",NA,"PASS",NA,0,NA,0.000546455383300781,"pass"
"11-parse-internals","P-49",NA,"legal_forms codes are unique",NA,"PASS",NA,0,NA,0.000770807266235352,"pass"
"11-parse-internals","P-50",NA,"annotation_infotypes codes are unique",NA,"PASS",NA,0,NA,0.00056767463684082,"pass"
"11-parse-internals","P-51",NA,"signature-mode role codes are present in role_types",NA,"PASS",NA,0,NA,0.000511407852172852,"pass"
"11-parse-internals","P-52",NA,"reference tables carry no NA labels",NA,"PASS",NA,0,NA,0.000557184219360352,"pass"
"11-parse-internals","P-53",NA,"flatten_konsern flattens a deep tree",NA,"PASS",NA,0,NA,0.028719425201416,"pass"
"11-parse-internals","P-54",NA,"flatten_konsern synthesises the root link form",NA,"PASS",NA,0,NA,0.0130705833435059,"pass"
"11-parse-internals","P-55",NA,"flatten_konsern tolerates dotted date formats","D-17","ERROR","character string is not in a standard unambiguous format",0,NA,0.0126729011535645,"defect_confirmed"
"11-parse-internals","P-56",NA,"flatten_signatur handles ISO birth dates","D-18","FAIL"," logi FALSE",0,NA,0.00189304351806641,"defect_confirmed"
"11-parse-internals","P-57",NA,"flatten_signatur handles dotted birth dates",NA,"PASS",NA,0,NA,0.00501918792724609,"pass"
"11-parse-internals","P-58",NA,"flatten_signatur keeps rules with no persons",NA,"PASS",NA,0,NA,0.000995159149169922,"pass"
"11-parse-internals","P-59",NA,"flatten_signatur returns the documented columns",NA,"PASS",NA,0,NA,0.0010218620300293,"pass"
"11-parse-internals","P-60",NA,"compact drops NULLs only",NA,"PASS",NA,0,NA,0.000519752502441406,"pass"
"12-entity","E-01",NA,"auto registry returns one row",NA,"PASS",NA,0,NA,0.000851869583129883,"pass"
"12-entity","E-02",NA,"org_nr round-trips",NA,"PASS",NA,0,NA,0.00792813301086426,"pass"
"12-entity","E-03",NA,"registry column records the matched registry",NA,"PASS",NA,0,NA,0.000861167907714844,"pass"
"12-entity","E-04",NA,"the documented key columns are present","D-93","PASS",NA,0,NA,0.000543832778930664,"pass_unexpected"
"12-entity","E-04b",NA,"column names follow the package field dictionary as documented",NA,"PASS",NA,0,NA,0.000664710998535156,"pass"
"12-entity","E-05",NA,"declared types are honoured",NA,"PASS",NA,0,NA,0.000515460968017578,"pass"
"12-entity","E-06",NA,"explicit enheter equals auto",NA,"PASS",NA,0,NA,0.169674873352051,"pass"
"12-entity","E-07",NA,"underenheter registry aborts for a hovedenhet",NA,"PASS",NA,0,NA,0.202467441558838,"pass"
"12-entity","E-08",NA,"auto falls through to underenheter",NA,"PASS",NA,0,NA,0.336889028549194,"pass"
"12-entity","E-09",NA,"sub-entity carries the parent org number",NA,"PASS",NA,0,NA,0.17064380645752,"pass"
"12-entity","E-10",NA,"type = label preserves the row count and schema",NA,"PASS",NA,0,NA,5.10893654823303,"pass"
"12-entity","E-11",NA,"type = label translates the legal form",NA,"PASS",NA,0,NA,0.17742919921875,"pass"
"12-entity","E-12",NA,"type = label leaves the org number untouched",NA,"PASS",NA,0,NA,0.172741651535034,"pass"
"12-entity","E-13",NA,"label via pipe equals label via argument",NA,"PASS",NA,0,NA,0.345509052276611,"pass"
"12-entity","E-14",NA,"brreg_label(code=) retains the raw code",NA,"PASS",NA,0,NA,0.00206899642944336,"pass"
"12-entity","E-15",NA,"the 410 branch, when it fires, returns exactly the documented 4-col schema","D-01","FAIL"," logi FALSE",0,NA,0.0440196990966797,"defect_confirmed"
"12-entity","E-16",NA,"the 410 branch sets deleted = TRUE and a parsed deletion_date",NA,"PASS",NA,0,NA,0.0154135227203369,"pass"
"12-entity","E-17",NA,"type = label has an observable effect even on the reduced deleted-entity schema","D-01","FAIL"," logi FALSE",0,NA,0.0364735126495361,"defect_confirmed"
"12-entity","E-18",NA,"the 410 branch warns",NA,"PASS",NA,0,NA,0.0148773193359375,"pass"
"12-entity","E-19a",NA,"precondition: live deletions are actually served as HTTP 200, not 410",NA,"PASS",NA,0,NA,0.837805986404419,"pass"
"12-entity","E-19b",NA,"precondition: a live deleted entity carries the respons_klasse=SlettetEnhet marker",NA,"PASS",NA,0,NA,0.168649911880493,"pass"
"12-entity","E-19c",NA,"brreg_entity() explicitly flags a live deleted entity as deleted","D-91","FAIL"," logi FALSE",1,"Unknown or uninitialised column: `deleted`.",0.170527696609497,"defect_confirmed"
"12-entity","E-19d",NA,"a live deleted entity resolved via the 200 path still warns the caller","D-91","FAIL","no warning raised",0,NA,0.170765399932861,"defect_confirmed"
"12-entity","E-19e",NA,"across every discovered deleted org, brreg_entity() flags each one as deleted","D-91","FAIL"," logi FALSE",8,"Unknown or uninitialised column: `deleted`. / Unknown or uninitialised column: `deleted`. / Unknown or uninitialised column: `deleted`. / Unknown or uninitialised column: `deleted`. / Unknown or uninitialised column: `deleted`. / Unknown or uninitialised column: `deleted`. / Unknown or uninitialised column: `deleted`. / Unknown or uninitialised column: `deleted`.",1.34981799125671,"defect_confirmed"
"12-entity","E-19",NA,"an org number that never existed in the register aborts",NA,"PASS","Entity ""832071404"" not found in the Norwegian Business Registry.
i Searched: ""enheter"" and ""underenheter""",0,NA,0.355359554290771,"pass"
"12-entity","E-20",NA,"invalid check digit aborts before any call",NA,"PASS","Invalid organization number: ""923609017""
i Must be 9 digits starting with 8 or 9, with a modulus-11 check digit.
i Examples: 923609016 (Equinor), 984851006 (DNB Bank)",0,NA,0.0292599201202393,"pass"
"12-entity","E-21",NA,"numeric input is accepted",NA,"PASS",NA,0,NA,0.170062303543091,"pass"
"12-entity","E-22",NA,"vectorised input either works or aborts, never returns one wrong row","D-03","PASS",NA,0,NA,0.000771045684814453,"pass_unexpected"
"12-entity","E-23",NA,"repeated calls are deterministic",NA,"PASS",NA,0,NA,0.342923879623413,"pass"
"12-entity","E-24",NA,"no unnamed list columns leak into the result",NA,"PASS",NA,0,NA,0.000606775283813477,"pass"
"12-entity","E-25",NA,"no column is entirely a JSON blob string",NA,"PASS",NA,0,NA,0.000759363174438477,"pass"
"12-entity","E-26",NA,"bank entity carries the documented key columns","D-93","PASS",NA,0,NA,0.176578283309937,"pass_unexpected"
"12-entity","E-27",NA,"ENK entity carries the documented key columns","D-93","FAIL"," logi FALSE",0,NA,0.170384883880615,"defect_confirmed"
"12-entity","E-28",NA,"NUF entity carries the documented key columns","D-93","FAIL"," logi FALSE",0,NA,0.170385837554932,"defect_confirmed"
"12-entity","E-29",NA,"bankrupt entity carries a bankruptcy date",NA,"PASS",NA,0,NA,0.170276165008545,"pass"
"12-entity","E-30",NA,"the documented key columns are present for every entity type","D-93","FAIL"," logi FALSE",0,NA,1.72281861305237,"defect_confirmed"
"12-entity","E-30b",NA,"bind_rows across heterogeneous entity types never errors and unions gracefully",NA,"PASS",NA,0,NA,1.71529579162598,"pass"
"12-entity","E-31",NA,"brreg_entity makes no filesystem writes",NA,"PASS",NA,0,NA,0.176589965820312,"pass"
"12-entity","E-32",NA,"no nested HAL _links block leaks into the output","D-92","FAIL"," logi FALSE",0,NA,0.00115370750427246,"defect_confirmed"
"12-entity","E-32b",NA,"nested _links are filtered the same way top-level _links are","D-92","FAIL"," logi FALSE",0,NA,0.00179910659790039,"defect_confirmed"
"13-search","S-01",NA,"name search returns rows",NA,"PASS",NA,0,NA,0.000776290893554688,"pass"
"13-search","S-02",NA,"total_matches attribute is set and numeric",NA,"PASS",NA,0,NA,0.00885581970214844,"pass"
"13-search","S-03",NA,"total_matches is at least the returned row count",NA,"PASS",NA,0,NA,0.000453948974609375,"pass"
"13-search","S-04",NA,"search schema matches entity schema minus registry","D-93","FAIL"," logi FALSE",0,NA,0.175380229949951,"defect_confirmed"
"13-search","S-05",NA,"max_results is respected exactly",NA,"PASS",NA,0,NA,0.225771427154541,"pass"
"13-search","S-06",NA,"max_results below the page size does not over-fetch",NA,"PASS",NA,0,NA,0.20040225982666,"pass"
"13-search","S-07",NA,"max_results above the page size paginates",NA,"PASS",NA,0,NA,2.45401525497437,"pass"
"13-search","S-08",NA,"legal_form filter is honoured",NA,"PASS",NA,0,NA,0.290403127670288,"pass"
"13-search","S-09",NA,"municipality filter is honoured on enheter",NA,"PASS",NA,0,NA,0.299072504043579,"pass"
"13-search","S-10",NA,"municipality filter is honoured on underenheter",NA,"PASS",NA,1,"Unknown or uninitialised column: `municipality_code`.",0.290522575378418,"pass"
"13-search","S-11",NA,"nace filter is honoured",NA,"PASS",NA,0,NA,0.319363594055176,"pass"
"13-search","S-12",NA,"min_employees is honoured",NA,"PASS",NA,0,NA,0.325973987579346,"pass"
"13-search","S-13",NA,"max_employees is honoured",NA,"PASS",NA,1,"Unknown or uninitialised column: `employees`.",0.171701669692993,"pass"
"13-search","S-14",NA,"bankrupt filter is honoured",NA,"PASS",NA,0,NA,0.297280550003052,"pass"
"13-search","S-15",NA,"bankrupt on underenheter either filters or signals","D-04","FAIL"," logi FALSE",0,NA,0.207954406738281,"defect_confirmed"
"13-search","S-16",NA,"parent_org_nr filter is honoured",NA,"PASS",NA,0,NA,0.273975133895874,"pass"
"13-search","S-17",NA,"combined filters are ANDed",NA,"PASS",NA,0,NA,0.251964569091797,"pass"
"13-search","S-18",NA,"no-match search returns a typed empty tibble","D-05","FAIL"," logi FALSE",0,NA,0.173594236373901,"defect_confirmed"
"13-search","S-19",NA,"no-match search still reports total_matches zero",NA,"PASS",NA,0,NA,0.183593273162842,"pass"
"13-search","S-20",NA,"type = label preserves total_matches",NA,"PASS",NA,0,NA,3.79598808288574,"pass"
"13-search","S-21",NA,"brreg_label(code=) preserves total_matches","D-07","PASS",NA,0,NA,0.00313496589660645,"pass_unexpected"
"13-search","S-22",NA,"underenheter registry returns rows",NA,"PASS",NA,0,NA,0.238188743591309,"pass"
"13-search","S-23",NA,"results are unique on org_nr",NA,"PASS",NA,0,NA,2.87296795845032,"pass"
"13-search","S-24",NA,"pagination is stable across two identical calls",NA,"PASS",NA,0,NA,3.40310907363892,"pass"
"13-search","S-25",NA,"max_results beyond the API ceiling warns and truncates",NA,"PASS",NA,0,NA,93.4069440364838,"pass"
"13-search","S-26",NA,"brreg_underenheter default does not silently truncate a large parent","D-08","PASS",NA,0,NA,0.397699356079102,"pass_unexpected"
"13-search","S-27",NA,"brreg_underenheter with a large cap retrieves everything",NA,"PASS",NA,0,NA,0.348944425582886,"pass"
"13-search","S-28",NA,"brreg_children returns the ORGL hierarchy",NA,"PASS",NA,0,NA,0.201484203338623,"pass"
"13-search","S-29",NA,"brreg_children on an AS returns a typed empty tibble","D-05","FAIL"," logi FALSE",0,NA,0.174434185028076,"defect_confirmed"
"13-search","S-30",NA,"brreg_underenheter type = label works",NA,"PASS",NA,0,NA,0.19553804397583,"pass"
"13-search","S-31",NA,"search never returns list columns",NA,"PASS",NA,0,NA,0.51514720916748,"pass"
"13-search","S-32",NA,"search column types match the dictionary",NA,"PASS",NA,0,NA,0.478074789047241,"pass"
"13-search","S-33",NA,"an unreachable filter combination returns empty, not an error",NA,"PASS",NA,0,NA,0.462807178497314,"pass"
"13-search","S-34",NA,"search and entity agree on a single org",NA,"PASS",NA,0,NA,0.871918439865112,"pass"
"14-roles","R-01",NA,"roles returns rows for a large ASA",NA,"PASS",NA,0,NA,0.000715494155883789,"pass"
"14-roles","R-02",NA,"documented columns are present",NA,"PASS",NA,0,NA,0.0240850448608398,"pass"
"14-roles","R-03",NA,"birth_date is a Date",NA,"PASS",NA,0,NA,0.000596046447753906,"pass"
"14-roles","R-04",NA,"group_modified is a Date",NA,"PASS",NA,0,NA,0.00087428092956543,"pass"
"14-roles","R-05",NA,"org_nr is constant and correct",NA,"PASS",NA,0,NA,0.000592947006225586,"pass"
"14-roles","R-06",NA,"role labels are translated, not raw codes",NA,"PASS",NA,0,NA,0.000530719757080078,"pass"
"14-roles","R-07",NA,"every role_code is known to role_types",NA,"PASS",NA,0,NA,0.000593662261962891,"pass"
"14-roles","R-08",NA,"every role_group_code is known to role_groups",NA,"PASS",NA,0,NA,0.00056767463684082,"pass"
"14-roles","R-09",NA,"person rows carry a person_id",NA,"PASS",NA,0,NA,0.000637292861938477,"pass"
"14-roles","R-10",NA,"entity-held roles carry an org number",NA,"PASS",NA,0,NA,0.00062870979309082,"pass"
"14-roles","R-11",NA,"entity role names are resolved, not JSON",NA,"PASS",NA,0,NA,0.000492095947265625,"pass"
"14-roles","R-12",NA,"person_id is unique per person within one entity",NA,"PASS",NA,0,NA,0.00128173828125,"pass"
"14-roles","R-13",NA,"schema is identical across 8 different entities","D-09","PASS",NA,0,NA,1.35597491264343,"pass_unexpected"
"14-roles","R-14",NA,"roles bind_rows cleanly across entities",NA,"PASS",NA,0,NA,1.02080774307251,"pass"
"14-roles","R-15",NA,"an entity with no roles yields a typed empty tibble","D-05","SKIP","precondition unavailable",0,NA,0.823657989501953,"skip"
"14-roles","R-16",NA,"a deleted entity is distinguishable from one with no roles","D-10","FAIL"," logi FALSE",0,NA,0.204482316970825,"defect_confirmed"
"14-roles","R-17",NA,"an invalid org number is rejected before the call","D-10","FAIL"," logi FALSE",0,NA,0.188162803649902,"defect_confirmed"
"14-roles","R-18",NA,"repeated calls are deterministic",NA,"PASS",NA,0,NA,0.344424962997437,"pass"
"14-roles","R-19",NA,"roles_legal returns a data frame",NA,"PASS",NA,0,NA,0.281877756118774,"pass"
"14-roles","R-20",NA,"roles_legal columns match the documentation",NA,"PASS",NA,0,NA,0.299945116043091,"pass"
"14-roles","R-21",NA,"roles_legal target org numbers are valid",NA,"PASS",NA,0,NA,0.28881573677063,"pass"
"14-roles","R-22",NA,"roles_legal on an entity with none returns a typed empty tibble","D-05","FAIL"," logi FALSE",0,NA,0.161920785903931,"defect_confirmed"
"14-roles","R-23",NA,"roles_legal warns on an HTTP failure like brreg_roles does","D-06","FAIL","no warning raised",0,NA,0.161797523498535,"defect_confirmed"
"14-roles","R-24",NA,"roles and roles_legal are inverse on at least one pair",NA,"PASS",NA,0,NA,0.445811748504639,"pass"
"14-roles","R-25",NA,"board_summary returns exactly one row",NA,"PASS",NA,0,NA,0.0030055046081543,"pass"
"14-roles","R-26",NA,"board_summary reports the queried org",NA,"PASS",NA,0,NA,0.00280499458312988,"pass"
"14-roles","R-27",NA,"board_summary counts sum to board size",NA,"PASS",NA,0,NA,0.00851774215698242,"pass"
"14-roles","R-28",NA,"board_summary board_size matches an independent count",NA,"PASS",NA,0,NA,0.00280880928039551,"pass"
"14-roles","R-29",NA,"board_summary detects the auditor",NA,"PASS",NA,0,NA,0.00400090217590332,"pass"
"14-roles","R-30",NA,"board_summary auditor org number is valid",NA,"PASS",NA,0,NA,0.00279998779296875,"pass"
"14-roles","R-31",NA,"board_summary on multi-org input aborts or returns one row per org","D-12","FAIL"," logi FALSE",0,NA,0.339052677154541,"defect_confirmed"
"14-roles","R-32",NA,"board_summary on an empty roles tibble does not error",NA,"PASS",NA,14,"Unknown or uninitialised column: `deregistered`. / Unknown or uninitialised column: `role_group_code`. / Unknown or uninitialised column: `person_id`. / Unknown or uninitialised column: `org_nr`. / Unknown or uninitialised column: `role_code`. / Unknown or uninitialised column: `role_code`. / Unknown or uninitialised column: `role_code`. / Unknown or uninitialised column: `role_code`. / Unknown or",0.00852584838867188,"pass"
"14-roles","R-33",NA,"n_employee_elected counts only employee-elected members","D-13","FAIL"," logi FALSE",0,NA,0.00310254096984863,"defect_confirmed"
"14-roles","R-34",NA,"board_summary is stable under row permutation",NA,"PASS",NA,0,NA,0.00491094589233398,"pass"
"15-konsern-signatur","K-01",NA,"konsern returns rows for a group member",NA,"PASS",NA,0,NA,0.000774621963500977,"pass"
"15-konsern-signatur","K-02",NA,"documented columns are present",NA,"PASS",NA,0,NA,0.00938868522644043,"pass"
"15-konsern-signatur","K-03",NA,"relation_date is a Date","D-17","PASS",NA,0,NA,0.000494003295898438,"pass_unexpected"
"15-konsern-signatur","K-04",NA,"relation_date is not entirely NA","D-17","PASS",NA,0,NA,0.000481605529785156,"pass_unexpected"
"15-konsern-signatur","K-05",NA,"exactly one root at level 0",NA,"PASS",NA,0,NA,0.000466346740722656,"pass"
"15-konsern-signatur","K-06",NA,"root link form is the synthesised KKKK",NA,"PASS",NA,0,NA,0.000489711761474609,"pass"
"15-konsern-signatur","K-07",NA,"all node org numbers are valid",NA,"PASS",NA,0,NA,0.00113654136657715,"pass"
"15-konsern-signatur","K-08",NA,"non-root nodes carry a parent",NA,"PASS",NA,0,NA,0.00050806999206543,"pass"
"15-konsern-signatur","K-09",NA,"every parent is itself a node in the tree",NA,"PASS",NA,0,NA,0.000467300415039062,"pass"
"15-konsern-signatur","K-10",NA,"levels are contiguous from zero",NA,"PASS",NA,0,NA,0.000504255294799805,"pass"
"15-konsern-signatur","K-11",NA,"node org numbers are unique",NA,"PASS",NA,0,NA,0.000452518463134766,"pass"
"15-konsern-signatur","K-12",NA,"queried org appears in its own group tree",NA,"PASS",NA,0,NA,0.000472545623779297,"pass"
"15-konsern-signatur","K-13",NA,"an entity outside any group returns a typed empty tibble","D-05","FAIL"," logi FALSE",0,NA,0.198631525039673,"defect_confirmed"
"15-konsern-signatur","K-14",NA,"an entity outside any group does not warn","D-16","FAIL",NA,1,"No konsernstruktur found for ""933365573"" (HTTP 404).",0.195124864578247,"defect_confirmed"
"15-konsern-signatur","K-15",NA,"konsern disagrees with in_corporate_group nowhere",NA,"PASS",NA,0,NA,0.354936361312866,"pass"
"15-konsern-signatur","K-16",NA,"konsern is distinct from the ORGL children hierarchy",NA,"PASS",NA,0,NA,0.594800472259521,"pass"
"15-konsern-signatur","K-17",NA,"repeated konsern calls are deterministic",NA,"PASS",NA,0,NA,0.862279176712036,"pass"
"15-konsern-signatur","SG-01",NA,"signatur returns rows for an ASA",NA,"PASS",NA,0,NA,0.000555515289306641,"pass"
"15-konsern-signatur","SG-02",NA,"documented columns are present",NA,"PASS",NA,0,NA,0.000516891479492188,"pass"
"15-konsern-signatur","SG-03",NA,"signature_type is the literal signature",NA,"PASS",NA,0,NA,0.000443696975708008,"pass"
"15-konsern-signatur","SG-04",NA,"birth_date parses to a Date and is not all NA","D-18","PASS",NA,0,NA,0.000543594360351562,"pass_unexpected"
"15-konsern-signatur","SG-05",NA,"birth dates are plausible",NA,"PASS",NA,0,NA,0.000871419906616211,"pass"
"15-konsern-signatur","SG-06",NA,"rule_status is one of the documented codes",NA,"PASS",NA,0,NA,0.000457286834716797,"pass"
"15-konsern-signatur","SG-07",NA,"role codes resolve against role_types",NA,"PASS",NA,0,NA,0.000577926635742188,"pass"
"15-konsern-signatur","SG-08",NA,"combination_id is populated",NA,"PASS",NA,0,NA,0.000476360321044922,"pass"
"15-konsern-signatur","SG-09",NA,"signatur birth_date joins to roles birth_date","D-18","PASS",NA,0,NA,0.171053647994995,"pass_unexpected"
"15-konsern-signatur","PK-01",NA,"prokura returns a data frame",NA,"PASS",NA,0,NA,0.000575065612792969,"pass"
"15-konsern-signatur","PK-02",NA,"prokura schema equals signatur schema when non-empty",NA,"PASS",NA,0,NA,0.000754117965698242,"pass"
"15-konsern-signatur","PK-03",NA,"signature_type is the literal procuration",NA,"PASS",NA,0,NA,0.000518560409545898,"pass"
"15-konsern-signatur","PK-04",NA,"an entity without prokura returns a typed empty tibble","D-05","SKIP","precondition unavailable",0,NA,0.170036554336548,"skip"
"15-konsern-signatur","PK-05",NA,"an entity without prokura does not warn","D-16","PASS",NA,0,NA,0.177008390426636,"pass_unexpected"
"15-konsern-signatur","PK-06",NA,"prokura and signatur are separate mandates",NA,"PASS",NA,0,NA,0.000502347946166992,"pass"
"15-konsern-signatur","PK-07",NA,"mapping prokura over many orgs raises no warning storm","D-16","PASS",NA,0,NA,0.856868982315063,"pass_unexpected"
"16-governance","G-01",NA,"board network builds from org numbers",NA,"PASS",NA,0,NA,0.374475479125977,"pass"
"16-governance","G-02",NA,"board network builds from pre-fetched roles",NA,"PASS",NA,0,NA,0.0147535800933838,"pass"
"16-governance","G-03",NA,"node count equals distinct entities plus distinct persons",NA,"PASS",NA,0,NA,0.00719785690307617,"pass"
"16-governance","G-04",NA,"node types are exactly entity and person",NA,"PASS",NA,0,NA,0.00671792030334473,"pass"
"16-governance","G-05",NA,"entity nodes are labelled with the entity's own name","D-19","PASS",NA,0,NA,0.186600208282471,"pass_unexpected"
"16-governance","G-06",NA,"edge count equals person-held role rows",NA,"PASS",NA,0,NA,0.0203094482421875,"pass"
"16-governance","G-07",NA,"no edge references a missing node",NA,"PASS",NA,0,NA,0.0102427005767822,"pass"
"16-governance","G-08",NA,"no arguments aborts",NA,"PASS","Provide `org_nrs` or `roles_data`.",0,NA,0.0549774169921875,"pass"
"16-governance","G-09",NA,"empty roles aborts",NA,"PASS","No role data available to build network.",0,NA,0.0141847133636475,"pass"
"16-governance","G-10",NA,"an interlock across two firms is represented",NA,"PASS",NA,0,NA,0.00802898406982422,"pass"
"16-governance","SV-01",NA,"survival columns are added",NA,"PASS",NA,0,NA,0.000587224960327148,"pass"
"16-governance","SV-02",NA,"row count is preserved",NA,"PASS",NA,0,NA,0.000770092010498047,"pass"
"16-governance","SV-03",NA,"entry_date is a Date",NA,"PASS",NA,0,NA,0.000459194183349609,"pass"
"16-governance","SV-04",NA,"exit_date is a Date",NA,"PASS",NA,0,NA,0.000524997711181641,"pass"
"16-governance","SV-05",NA,"event is 0/1 integer",NA,"PASS",NA,0,NA,0.000441551208496094,"pass"
"16-governance","SV-06",NA,"duration is never negative",NA,"PASS",NA,0,NA,0.00050806999206543,"pass"
"16-governance","SV-07",NA,"duration is finite where entry is known",NA,"PASS",NA,0,NA,0.000432968139648438,"pass"
"16-governance","SV-08",NA,"event 1 implies a non-NA exit date",NA,"PASS",NA,0,NA,0.000763177871704102,"pass"
"16-governance","SV-09",NA,"event 0 implies an NA exit date",NA,"PASS",NA,0,NA,0.000523090362548828,"pass"
"16-governance","SV-10",NA,"censored duration matches the censoring date",NA,"PASS",NA,0,NA,0.00132203102111816,"pass"
"16-governance","SV-11",NA,"explicit censoring_date is honoured",NA,"PASS",NA,0,NA,0.00233101844787598,"pass"
"16-governance","SV-12",NA,"entry_var = registration_date works",NA,"PASS",NA,0,NA,0.00140857696533203,"pass"
"16-governance","SV-13",NA,"founding date never precedes registration by an implausible margin",NA,"PASS",NA,0,NA,0.00587081909179688,"pass"
"16-governance","SV-14",NA,"missing entry column aborts",NA,"PASS","Column ""nope"" not found in data.",0,NA,0.0171127319335938,"pass"
"16-governance","SV-15",NA,"bankrupt firms are events",NA,"PASS",NA,0,NA,0.000956058502197266,"pass"
"16-governance","SV-16",NA,"the input register is not survivor-only for survival analysis","D-20","FAIL"," logi FALSE",0,NA,0.00395703315734863,"defect_confirmed"
"16-governance","SV-17",NA,"duration_years default entry basis is documented as registration","D-20","FAIL"," logi FALSE",0,NA,0.0059211254119873,"defect_confirmed"
"17-updates","U-01",NA,"updates returns rows",NA,"PASS",NA,0,NA,0.000653982162475586,"pass"
"17-updates","U-02",NA,"documented columns are present",NA,"PASS",NA,0,NA,0.00810623168945312,"pass"
"17-updates","U-03",NA,"timestamp is POSIXct",NA,"PASS",NA,0,NA,0.00056910514831543,"pass"
"17-updates","U-04",NA,"timestamps carry a UTC timezone","D-33","FAIL"," logi FALSE",0,NA,0.00296735763549805,"defect_confirmed"
"17-updates","U-05",NA,"timestamps are not in the future","D-33","PASS",NA,0,NA,0.00599074363708496,"pass_unexpected"
"17-updates","U-06",NA,"update_id is strictly increasing",NA,"PASS",NA,0,NA,0.000646352767944336,"pass"
"17-updates","U-07",NA,"update_id has no duplicates",NA,"PASS",NA,0,NA,0.000472307205200195,"pass"
"17-updates","U-08",NA,"change_type values are the documented set",NA,"PASS",NA,0,NA,0.000604152679443359,"pass"
"17-updates","U-09",NA,"org numbers are valid",NA,"PASS",NA,0,NA,0.0142097473144531,"pass"
"17-updates","U-10",NA,"default call does not silently truncate","D-30","FAIL"," logi FALSE",0,NA,1.68949294090271,"defect_confirmed"
"17-updates","U-11",NA,"max_pages beyond the data does not loop forever",NA,"PASS",NA,0,NA,1.50368094444275,"pass"
"17-updates","U-12",NA,"pagination is contiguous with a single-page read",NA,"PASS",NA,0,NA,0.742038011550903,"pass"
"17-updates","U-13",NA,"since respects the time of day","D-31","FAIL"," logi FALSE",0,NA,3.36373615264893,"defect_confirmed"
"17-updates","U-14",NA,"include_changes adds a list column of tibbles",NA,"PASS",NA,0,NA,0.381649255752563,"pass"
"17-updates","U-15",NA,"change tibbles carry the documented columns",NA,"PASS",NA,0,NA,0.386783123016357,"pass"
"17-updates","U-16",NA,"patch operations are RFC 6902 verbs",NA,"PASS",NA,0,NA,0.383806705474854,"pass"
"17-updates","U-17",NA,"underenheter stream works",NA,"PASS",NA,0,NA,0.349081754684448,"pass"
"17-updates","U-18",NA,"roller stream works",NA,"PASS",NA,0,NA,0.175348997116089,"pass"
"17-updates","U-19",NA,"roller stream honours max_pages","D-32","FAIL"," logi FALSE",0,NA,0.341395139694214,"defect_confirmed"
"17-updates","U-20",NA,"roller stream schema matches the enheter stream",NA,"PASS",NA,0,NA,0.17256498336792,"pass"
"17-updates","U-21",NA,"future since yields a typed empty tibble","D-05","FAIL"," logi FALSE",0,NA,0.167760133743286,"defect_confirmed"
"17-updates","U-22",NA,"size above the API ceiling is capped, not rejected",NA,"PASS",NA,0,NA,1.50634622573853,"pass"
"17-updates","UF-01",NA,"update_fields returns rows",NA,"PASS",NA,0,NA,0.000934123992919922,"pass"
"17-updates","UF-02",NA,"documented columns are present",NA,"PASS",NA,0,NA,0.000512599945068359,"pass"
"17-updates","UF-03",NA,"no list columns",NA,"PASS",NA,0,NA,0.000668764114379883,"pass"
"17-updates","UF-04",NA,"patch-less events appear as synthetic NA rows",NA,"PASS",NA,0,NA,0.00132870674133301,"pass"
"17-updates","UF-05",NA,"every event in the event view appears in the field view",NA,"PASS",NA,0,NA,0.37844181060791,"pass"
"17-updates","UF-06",NA,"field names contain no slashes",NA,"PASS",NA,0,NA,0.000863552093505859,"pass"
"17-updates","UF-07",NA,"move operations emit a paired remove",NA,"SKIP","precondition unavailable",0,NA,0.000769853591918945,"skip"
"17-updates","UF-08",NA,"roller is rejected for the field view",NA,"PASS",NA,0,NA,0.000844478607177734,"pass"
"17-updates","UF-09",NA,"field values are character or NA",NA,"PASS",NA,0,NA,0.000506162643432617,"pass"
"17-updates","UF-10",NA,"empty window yields a typed empty tibble",NA,"PASS",NA,0,NA,0.170343399047852,"pass"
"17-updates","PT-01",NA,"parse_patch flattens a depth-2 value",NA,"PASS",NA,0,NA,0.00234818458557129,"pass"
"17-updates","PT-02",NA,"parse_patch handles depth-3 nesting",NA,"PASS",NA,0,NA,0.00744295120239258,"pass"
"17-updates","PT-03",NA,"parse_patch emits both sides of a move","D-94","FAIL"," logi FALSE",0,NA,0.00257635116577148,"defect_confirmed"
"17-updates","PT-04",NA,"parse_patch expands arrays positionally",NA,"PASS",NA,0,NA,0.00186848640441895,"pass"
"17-updates","PT-05",NA,"flatten_page_patches agrees with parse_patch on field names","D-34","PASS",NA,0,NA,0.00352168083190918,"pass_unexpected"
"17-updates","PT-06",NA,"flatten_page_patches survives depth-3 nesting","D-34","PASS",NA,0,NA,0.00197124481201172,"pass_unexpected"
"17-updates","PT-07",NA,"flatten_page_patches emits one synthetic row for patch-less events",NA,"PASS",NA,0,NA,0.0019068717956543,"pass"
"17-updates","PT-08",NA,"flatten_page_patches grows past the pre-allocation",NA,"PASS",NA,0,NA,0.0204408168792725,"pass"
"17-updates","PT-09",NA,"parse_updates_page handles an empty page",NA,"PASS",NA,0,NA,0.00155973434448242,"pass"
"17-updates","PT-10",NA,"parse_patch on an empty patch list returns a typed empty tibble",NA,"PASS",NA,0,NA,0.00126051902770996,"pass"
"18-label-harmonize","L-01",NA,"labelling a data frame preserves shape",NA,"PASS",NA,0,NA,2.92246150970459,"pass"
"18-label-harmonize","L-02",NA,"legal form is translated",NA,"PASS",NA,0,NA,0.0102131366729736,"pass"
"18-label-harmonize","L-03",NA,"nace is translated",NA,"PASS",NA,0,NA,0.00147604942321777,"pass"
"18-label-harmonize","L-04",NA,"org_nr is never touched",NA,"PASS",NA,0,NA,0.0014793872833252,"pass"
"18-label-harmonize","L-05",NA,"name is never touched",NA,"PASS",NA,0,NA,0.00135231018066406,"pass"
"18-label-harmonize","L-06",NA,"dates are never touched",NA,"PASS",NA,0,NA,0.00141644477844238,"pass"
"18-label-harmonize","L-07",NA,"labelling is idempotent","D-95","FAIL"," logi FALSE",0,NA,0.00520038604736328,"defect_confirmed"
"18-label-harmonize","L-08",NA,"code = retains the original value",NA,"PASS",NA,0,NA,0.00182318687438965,"pass"
"18-label-harmonize","L-09",NA,"code = places the code column adjacent to the label",NA,"PASS",NA,0,NA,0.00143027305603027,"pass"
"18-label-harmonize","L-10",NA,"multiple code columns are supported",NA,"PASS",NA,0,NA,0.00135278701782227,"pass"
"18-label-harmonize","L-11",NA,"code = on a non-labelable column is a no-op",NA,"PASS",NA,0,NA,0.0014042854309082,"pass"
"18-label-harmonize","L-12",NA,"vector labelling of legal forms",NA,"PASS",NA,0,NA,0.000899791717529297,"pass"
"18-label-harmonize","L-13",NA,"vector labelling of roles",NA,"PASS",NA,0,NA,0.000831842422485352,"pass"
"18-label-harmonize","L-14",NA,"vector labelling of role groups",NA,"PASS",NA,0,NA,0.000777482986450195,"pass"
"18-label-harmonize","L-15",NA,"vector labelling of nace",NA,"PASS",NA,0,NA,0.000767946243286133,"pass"
"18-label-harmonize","L-16",NA,"vector labelling of sector",NA,"PASS",NA,0,NA,0.000859737396240234,"pass"
"18-label-harmonize","L-17",NA,"unknown codes pass through unchanged","D-95","FAIL"," logi FALSE",0,NA,0.00455021858215332,"defect_confirmed"
"18-label-harmonize","L-18",NA,"vector without dic aborts",NA,"PASS","When `x` is a vector, `dic` must be provided.",0,NA,0.0455396175384521,"pass"
"18-label-harmonize","L-19",NA,"unknown dic aborts",NA,"PASS","Unknown dictionary: ""nope"". Options: legal_form, nace, sector, role,
role_group.",0,NA,0.0185713768005371,"pass"
"18-label-harmonize","L-20",NA,"empty data frame returns unchanged",NA,"PASS",NA,0,NA,0.000750064849853516,"pass"
"18-label-harmonize","L-21",NA,"lang = no yields Norwegian labels","D-96","FAIL"," logi FALSE",0,NA,0.940696477890015,"defect_confirmed"
"18-label-harmonize","L-22",NA,"get_brreg_dic returns the documented columns",NA,"PASS",NA,0,NA,0.000687599182128906,"pass"
"18-label-harmonize","L-23",NA,"nace dictionary is non-trivial",NA,"PASS",NA,0,NA,0.000586986541748047,"pass"
"18-label-harmonize","L-24",NA,"sector dictionary is non-trivial",NA,"PASS",NA,0,NA,0.00053715705871582,"pass"
"18-label-harmonize","L-25",NA,"dictionary codes are unique",NA,"PASS",NA,0,NA,0.000582456588745117,"pass"
"18-label-harmonize","L-26",NA,"second dictionary call is served from cache",NA,"PASS",NA,0,NA,0.132120609283447,"pass"
"18-label-harmonize","L-27",NA,"lang variants are cached separately",NA,"PASS",NA,0,NA,0.00061488151550293,"pass"
"18-label-harmonize","L-28",NA,"the KLASS fallback objects exist in the namespace",NA,"PASS",NA,0,NA,0.000495672225952148,"pass"
"18-label-harmonize","L-29",NA,"labelling many rows is stable",NA,"PASS",NA,0,NA,1.63612818717957,"pass"
"18-label-harmonize","H-01",NA,"kommune harmonisation returns the documented columns",NA,"PASS",NA,1,"Only one level was detected. Classification returned with output_style normal. ",1.16080331802368,"pass"
"18-label-harmonize","H-02",NA,"a pre-2020 code is actually remapped","D-78","FAIL"," logi FALSE",0,NA,0.0014040470123291,"defect_confirmed"
"18-label-harmonize","H-03",NA,"harmonisation changes at least one reformed code","D-78","FAIL"," logi FALSE",0,NA,0.00121331214904785,"defect_confirmed"
"18-label-harmonize","H-04",NA,"target names are resolved for current codes",NA,"PASS",NA,0,NA,0.000709056854248047,"pass"
"18-label-harmonize","H-05",NA,"harmonisation is idempotent",NA,"PASS",NA,0,NA,0.00138521194458008,"pass"
"18-label-harmonize","H-06",NA,"a failed correspondence fetch does not poison the session cache","D-79","PASS",NA,1,"Could not fetch municipality correspondence from SSB KLASS: incorrect number of
dimensions",0.526210784912109,"pass_unexpected"
"18-label-harmonize","H-07",NA,"custom column name is honoured",NA,"PASS",NA,0,NA,0.00171422958374023,"pass"
"18-label-harmonize","H-10",NA,"nace harmonisation returns the documented columns","D-80","ERROR","Can't extract column with `target_col`.
x Subscript `target_col` must be a location, not a character `NA`.",1,"Could not fetch NACE correspondence from SSB KLASS: argument is of length zero",0.968899011611938,"defect_confirmed"
"18-label-harmonize","H-11",NA,"harmonised nace values look like codes, not descriptions","D-80","ERROR","Can't extract column with `target_col`.
x Subscript `target_col` must be a location, not a character `NA`.",0,NA,0.0156607627868652,"defect_confirmed"
"18-label-harmonize","H-12",NA,"at least one code changes between SN2007 and SN2025","D-80","ERROR","Can't extract column with `target_col`.
x Subscript `target_col` must be a location, not a character `NA`.",0,NA,0.0157716274261475,"defect_confirmed"
"18-label-harmonize","H-13",NA,"ambiguity flag is logical","D-80","ERROR","Can't extract column with `target_col`.
x Subscript `target_col` must be a location, not a character `NA`.",0,NA,0.0218708515167236,"defect_confirmed"
"18-label-harmonize","H-14",NA,"reverse direction is supported","D-80","ERROR","Can't extract column with `target_col`.
x Subscript `target_col` must be a location, not a character `NA`.",1,"Could not fetch NACE correspondence from SSB KLASS: argument is of length zero",0.571527004241943,"defect_confirmed"
"18-label-harmonize","H-15",NA,"unknown classification aborts",NA,"PASS","Unknown classification. Use ""SN2007"" or ""SN2025"".",0,NA,0.0292580127716064,"pass"
"18-label-harmonize","H-16",NA,"nace harmonisation preserves row count","D-80","ERROR","Can't extract column with `target_col`.
x Subscript `target_col` must be a location, not a character `NA`.",0,NA,0.0142350196838379,"defect_confirmed"
"19-roller-diff","RD-01",NA,"identical states produce no changelog rows",NA,"PASS",NA,0,NA,0.068852424621582,"pass"
"19-roller-diff","RD-02",NA,"changelog schema is exactly the documented one",NA,"PASS",NA,0,NA,0.0205588340759277,"pass"
"19-roller-diff","RD-03",NA,"NULL old state treats everything as entry",NA,"PASS",NA,0,NA,0.0167577266693115,"pass"
"19-roller-diff","RD-04",NA,"zero-row old state treats everything as entry",NA,"PASS",NA,0,NA,0.0111994743347168,"pass"
"19-roller-diff","RD-05",NA,"zero-row new state treats everything as exit",NA,"PASS",NA,0,NA,0.0124506950378418,"pass"
"19-roller-diff","RD-06",NA,"registry is always roller",NA,"PASS",NA,0,NA,0.0115153789520264,"pass"
"19-roller-diff","RD-07",NA,"an added role yields entry rows only for that role",NA,"PASS",NA,0,NA,0.028386116027832,"pass"
"19-roller-diff","RD-08",NA,"a removed role yields exit rows only",NA,"PASS",NA,0,NA,0.0305378437042236,"pass"
"19-roller-diff","RD-09",NA,"a modified field yields exactly one change row",NA,"PASS",NA,0,NA,0.0223207473754883,"pass"
"19-roller-diff","RD-10",NA,"change rows carry both old and new values",NA,"PASS",NA,0,NA,0.0200400352478027,"pass"
"19-roller-diff","RD-11",NA,"entry rows have NA value_from",NA,"PASS",NA,0,NA,0.00972795486450195,"pass"
"19-roller-diff","RD-12",NA,"exit rows have NA value_to",NA,"PASS",NA,0,NA,0.0137784481048584,"pass"
"19-roller-diff","RD-13",NA,"diff is antisymmetric on entry and exit",NA,"PASS",NA,0,NA,0.0565776824951172,"pass"
"19-roller-diff","RD-14",NA,"NA to value transition is recorded",NA,"PASS",NA,0,NA,0.0243582725524902,"pass"
"19-roller-diff","RD-15",NA,"value to NA transition is recorded",NA,"PASS",NA,0,NA,0.0215587615966797,"pass"
"19-roller-diff","RD-16",NA,"a birth date correction is not silently invisible",NA,"PASS",NA,0,NA,0.0383830070495605,"pass"
"19-roller-diff","RD-17",NA,"timestamp is passed through",NA,"PASS",NA,0,NA,0.0108022689819336,"pass"
"19-roller-diff","RD-18",NA,"integer update_id is passed through",NA,"PASS",NA,0,NA,0.00989222526550293,"pass"
"19-roller-diff","RD-19",NA,"character update_id does not become NA","D-82","FAIL"," logi FALSE",0,NA,0.0130419731140137,"defect_confirmed"
"19-roller-diff","RD-20",NA,"legacy state without the post-0.3.4 columns diffs cleanly",NA,"PASS",NA,0,NA,0.0270833969116211,"pass"
"19-roller-diff","RD-21",NA,"state with resigned diffs against state without",NA,"PASS",NA,0,NA,0.0218949317932129,"pass"
"19-roller-diff","RD-22",NA,"entity-held roles are keyed distinctly",NA,"PASS",NA,0,NA,0.0225605964660645,"pass"
"19-roller-diff","RD-23",NA,"duplicate role rows are not silently collapsed",NA,"FAIL"," logi FALSE",0,NA,0.024245023727417,"regression"
"19-roller-diff","RD-24",NA,"diff of a large state completes",NA,"PASS",NA,0,NA,0.618601083755493,"pass"
"19-roller-diff","RD-25",NA,"org_nr on every changelog row is populated",NA,"PASS",NA,0,NA,0.0210251808166504,"pass"
"19-roller-diff","RD-26",NA,"no role key leaks into the output",NA,"PASS",NA,0,NA,0.0105690956115723,"pass"
"19-roller-diff","RD-27",NA,"diff works without tidyr attached explicitly","D-83","PASS",NA,0,NA,0.0107126235961914,"pass_unexpected"
"19-roller-diff","RD-28",NA,"live round trip on a real entity",NA,"PASS",NA,0,NA,0.289052963256836,"pass"
"19-roller-diff","RD-29",NA,"live bootstrap diff yields entries for every role",NA,"PASS",NA,0,NA,0.180718183517456,"pass"
"19-roller-diff","RD-30",NA,"empty against empty yields a typed empty changelog",NA,"PASS",NA,0,NA,0.00348329544067383,"pass"
"20-request-manifest","Q-01",NA,"enhetsregisteret base url is correct",NA,"PASS",NA,0,NA,0.000519275665283203,"pass"
"20-request-manifest","Q-02",NA,"fullmakt base url is correct",NA,"PASS",NA,0,NA,0.00892376899719238,"pass"
"20-request-manifest","Q-03",NA,"unknown service aborts",NA,"PASS","'arg' should be one of ""enhetsregisteret"", ""fullmakt""",0,NA,0.000979185104370117,"pass"
"20-request-manifest","Q-04",NA,"request carries a descriptive user agent",NA,"PASS",NA,0,NA,0.0264091491699219,"pass"
"20-request-manifest","Q-05",NA,"request sets a UTF-8 accept header",NA,"PASS",NA,0,NA,0.00235199928283691,"pass"
"20-request-manifest","Q-06",NA,"query parameters are appended",NA,"PASS",NA,0,NA,0.00291204452514648,"pass"
"20-request-manifest","Q-07",NA,"NULL query parameters are dropped",NA,"PASS",NA,0,NA,0.00388431549072266,"pass"
"20-request-manifest","Q-08",NA,"klass requests target SSB",NA,"PASS",NA,0,NA,0.00239682197570801,"pass"
"20-request-manifest","Q-09",NA,"brreg and klass use different throttle realms",NA,"PASS",NA,0,NA,0.00373101234436035,"pass"
"20-request-manifest","Q-10",NA,"retry policy is configured",NA,"PASS",NA,0,NA,0.0066981315612793,"pass"
"20-request-manifest","Q-11",NA,"error body extractor returns character or empty",NA,"PASS",NA,0,NA,0.000540018081665039,"pass"
"20-request-manifest","Q-12",NA,"path segments are escaped, not concatenated blindly",NA,"PASS",NA,0,NA,0.00182700157165527,"pass"
"20-request-manifest","DD-01",NA,"data_dir honours the option",NA,"PASS",NA,0,NA,0.000565052032470703,"pass"
"20-request-manifest","DD-02",NA,"data_dir creates the directory",NA,"PASS",NA,0,NA,0.000587701797485352,"pass"
"20-request-manifest","DD-03",NA,"snapshots on an empty store returns a typed empty tibble",NA,"PASS",NA,0,NA,0.00149035453796387,"pass"
"20-request-manifest","DD-04",NA,"snapshots snapshot_date column is a Date",NA,"PASS",NA,0,NA,0.00144624710083008,"pass"
"20-request-manifest","DD-05",NA,"snapshots supports all three types",NA,"PASS",NA,0,NA,0.00332951545715332,"pass"
"20-request-manifest","DD-06",NA,"open on an empty store aborts",NA,"PASS","No snapshots found for ""enheter"".
i Run `brreg_snapshot()` to save one.",0,NA,0.212038516998291,"pass"
"20-request-manifest","DD-07",NA,"cleanup without criteria aborts",NA,"PASS","Provide at least one of `keep_n` or `max_age_days`.",0,NA,0.0167715549468994,"pass"
"20-request-manifest","DD-08",NA,"cleanup on an empty store is a no-op",NA,"PASS",NA,0,NA,0.00150775909423828,"pass"
"20-request-manifest","MN-01",NA,"manifest on an empty store returns a typed empty tibble",NA,"PASS",NA,0,NA,0.00552010536193848,"pass"
"20-request-manifest","MN-02",NA,"manifest snapshot_date is a Date",NA,"PASS",NA,0,NA,0.00266075134277344,"pass"
"20-request-manifest","MN-03",NA,"manifest with an empty downloads array terminates","D-59","FAIL","exit=1 :: Error in `<current-expression>` : node stack overflow | Calls: brreg_manifest ... parse_and_simplify -> parseJSON -> parse_con -> stopifnot | Execution halted",0,NA,1.37185907363892,"defect_confirmed"
"20-request-manifest","MN-04",NA,"manifest entry carries the documented fields",NA,"PASS",NA,0,NA,0.000786781311035156,"pass"
"20-request-manifest","MN-05",NA,"written entry is readable",NA,"PASS",NA,0,NA,0.00392055511474609,"pass"
"20-request-manifest","MN-06",NA,"manifest ids stay unique across writes","D-55","FAIL"," logi FALSE",0,NA,0.0253839492797852,"defect_confirmed"
"20-request-manifest","ST-01",NA,"status reports all three datasets",NA,"PASS",NA,0,NA,0.00340485572814941,"pass"
"20-request-manifest","ST-02",NA,"status all_ready is consistent",NA,"PASS",NA,0,NA,0.00316071510314941,"pass"
"20-request-manifest","ST-03",NA,"status accepts a subset",NA,"PASS",NA,0,NA,0.00223135948181152,"pass"
"20-request-manifest","ST-04",NA,"status rejects an unknown dataset",NA,"PASS","'arg' should be one of ""enheter"", ""underenheter"", ""roller""",0,NA,0.000690221786499023,"pass"
"20-request-manifest","ST-05",NA,"sync_status runs on an uninitialised store",NA,"PASS",NA,0,NA,0.0276613235473633,"pass"
"20-request-manifest","ST-06",NA,"sync_status reports never rather than NA before any sync","D-45","PASS",NA,0,NA,0.0337076187133789,"pass_unexpected"
"20-request-manifest","ST-07",NA,"sync_status cursors start at zero",NA,"PASS",NA,0,NA,0.0235424041748047,"pass"
"20-request-manifest","PQ-01",NA,"a parquet backend is available",NA,"PASS",NA,0,NA,0.000596046447753906,"pass"
"20-request-manifest","PQ-02",NA,"parquet round trip preserves a tibble",NA,"PASS",NA,0,NA,0.105460643768311,"pass"
"20-request-manifest","PQ-03",NA,"parquet writes are atomic (no temp files left behind)",NA,"PASS",NA,0,NA,0.00468707084655762,"pass"
"21-network","N-01",NA,"depth 0 returns a tbl_graph",NA,"PASS",NA,0,NA,0.000570058822631836,"pass"
"21-network","N-02",NA,"depth 0 has exactly one node",NA,"PASS",NA,0,NA,0.00890684127807617,"pass"
"21-network","N-03",NA,"depth 0 has no edges",NA,"PASS",NA,0,NA,0.00217604637145996,"pass"
"21-network","N-04",NA,"seed node id is prefixed",NA,"PASS",NA,0,NA,0.000699758529663086,"pass"
"21-network","N-05",NA,"node schema is the documented one",NA,"PASS",NA,0,NA,0.000704050064086914,"pass"
"21-network","N-06",NA,"depth 1 expands the graph",NA,"PASS",NA,0,NA,0.000946760177612305,"pass"
"21-network","N-07",NA,"edge schema is the documented one",NA,"PASS",NA,0,NA,0.00134110450744629,"pass"
"21-network","N-08",NA,"node ids are unique",NA,"PASS",NA,0,NA,0.000874519348144531,"pass"
"21-network","N-09",NA,"every edge endpoint exists as a node",NA,"PASS",NA,0,NA,0.00155305862426758,"pass"
"21-network","N-10",NA,"person nodes carry a person_id and no org_nr",NA,"PASS",NA,0,NA,0.000786304473876953,"pass"
"21-network","N-11",NA,"entity nodes carry a valid org number",NA,"PASS",NA,0,NA,0.00217080116271973,"pass"
"21-network","N-12",NA,"include = roles yields only role edges",NA,"PASS",NA,0,NA,0.357847690582275,"pass"
"21-network","N-13",NA,"include = underenheter yields only establishment edges",NA,"PASS",NA,0,NA,0.579700469970703,"pass"
"21-network","N-14",NA,"include = children yields only parent edges",NA,"PASS",NA,0,NA,0.385451793670654,"pass"
"21-network","N-15",NA,"include = legal_roles yields only legal role edges",NA,"PASS",NA,0,NA,0.527874946594238,"pass"
"21-network","N-16",NA,"include subsets are additive",NA,"PASS",NA,0,NA,1.62934803962708,"pass"
"21-network","N-17",NA,"unknown include aborts",NA,"PASS","'arg' should be one of ""underenheter"", ""children"", ""roles"", ""legal_roles""",0,NA,0.00097203254699707,"pass"
"21-network","N-18",NA,"edge direction is consistent for containment relations",NA,"PASS",NA,0,NA,2.38069462776184,"pass"
"21-network","N-19",NA,"all edges point away from the seed or into it, not both","D-73","FAIL"," logi FALSE",0,NA,1.17956638336182,"defect_confirmed"
"21-network","N-20",NA,"multiple seeds produce a union graph",NA,"PASS",NA,0,NA,2.37761640548706,"pass"
"21-network","N-21",NA,"repeated seeds do not duplicate nodes",NA,"PASS",NA,0,NA,2.33464813232422,"pass"
"21-network","N-22",NA,"depth 1 role edges match brreg_roles row count",NA,"PASS",NA,0,NA,0.53351354598999,"pass"
"21-network","N-23",NA,"depth 2 without bulk data aborts with instructions",NA,"PASS",NA,0,NA,1.26122641563416,"pass"
"21-network","N-24",NA,"depth above 2 does not silently equal depth 2",NA,"PASS",NA,0,NA,2.42612385749817,"pass"
"21-network","N-25",NA,"graph is directed",NA,"PASS",NA,0,NA,1.27786803245544,"pass"
"30-bulk-prewarm","BW-01",NA,"enheter csv bulk downloads",NA,"PASS",NA,0,NA,0.0837128162384033,"pass"
"30-bulk-prewarm","BW-02",NA,"underenheter csv bulk downloads",NA,"PASS",NA,0,NA,0.0664265155792236,"pass"
"30-bulk-prewarm","BW-03",NA,"enheter json bulk downloads",NA,"PASS",NA,0,NA,236.089487791061,"pass"
"30-bulk-prewarm","BW-04",NA,"roller json bulk downloads",NA,"PASS",NA,0,NA,143.229332923889,"pass"
"30-bulk-prewarm","BW-05",NA,"cached second call performs no download",NA,"PASS",NA,0,NA,0.206292152404785,"pass"
"30-bulk-prewarm","BW-06",NA,"sampled enheter parse succeeds",NA,"PASS",NA,0,NA,5.61665272712708,"pass"
"30-bulk-prewarm","BW-07",NA,"snapshot store partitions are written",NA,"PASS",NA,0,NA,5.63559508323669,"pass"
"30-bulk-prewarm","BW-08",NA,"snapshot store lists every partition",NA,"PASS",NA,0,NA,0.0303230285644531,"pass"
"30-bulk-prewarm","BW-09",NA,"snapshot dates round trip",NA,"PASS",NA,0,NA,0.00373291969299316,"pass"
"30-bulk-prewarm","BW-10",NA,"arrow can open the constructed store",NA,"PASS",NA,0,NA,0.136017799377441,"pass"
"30-bulk-prewarm","BW-11",NA,"underenheter store is written for cross-type tests",NA,"PASS",NA,0,NA,1.09444189071655,"pass"
"33-panel-series-events","PN-00",NA,"the shared store has at least three snapshots",NA,"PASS",NA,0,NA,0.00131535530090332,"pass"
"33-panel-series-events","PN-01",NA,"panel returns rows",NA,"PASS",NA,0,NA,0.0103118419647217,"pass"
"33-panel-series-events","PN-02",NA,"documented columns are present",NA,"PASS",NA,0,NA,0.000601530075073242,"pass"
"33-panel-series-events","PN-03",NA,"requested columns are present",NA,"PASS",NA,0,NA,0.000832796096801758,"pass"
"33-panel-series-events","PN-04",NA,"no unrequested payload columns leak in","D-61","PASS",NA,0,NA,0.000707387924194336,"pass_unexpected"
"33-panel-series-events","PN-05",NA,"date_mapping attribute is attached",NA,"PASS",NA,0,NA,0.000524997711181641,"pass"
"33-panel-series-events","PN-06",NA,"every panel snapshot_date exists in the store",NA,"PASS",NA,0,NA,0.00218009948730469,"pass"
"33-panel-series-events","PN-07",NA,"LOCF never uses a future snapshot",NA,"PASS",NA,0,NA,0.000479698181152344,"pass"
"33-panel-series-events","PN-08",NA,"one row per firm per period",NA,"PASS",NA,0,NA,0.154267311096191,"pass"
"33-panel-series-events","PN-09",NA,"quarterly frequency yields more periods than yearly",NA,"PASS",NA,0,NA,7.06192636489868,"pass"
"33-panel-series-events","PN-10",NA,"monthly frequency yields the most periods",NA,"PASS",NA,0,NA,7.51357340812683,"pass"
"33-panel-series-events","PN-11",NA,"custom dates are honoured",NA,"PASS",NA,0,NA,3.20559453964233,"pass"
"33-panel-series-events","PN-12",NA,"from and to bound the panel",NA,"PASS",NA,0,NA,3.27365922927856,"pass"
"33-panel-series-events","PN-13",NA,"max_gap removes stale carry-forward",NA,"PASS",NA,0,NA,8.15815210342407,"pass"
"33-panel-series-events","PN-14",NA,"max_gap is effective for custom frequency","D-62","FAIL"," logi FALSE",0,NA,6.14250206947327,"defect_confirmed"
"33-panel-series-events","PN-15",NA,"is_entry marks only genuinely new firms","D-60","FAIL"," logi FALSE",0,NA,0.00810670852661133,"defect_confirmed"
"33-panel-series-events","PN-16",NA,"is_exit marks only firms absent from later periods","D-60","FAIL"," logi FALSE",0,NA,0.00484013557434082,"defect_confirmed"
"33-panel-series-events","PN-17",NA,"a firm removed between snapshots is flagged as an exit exactly once","D-60","SKIP","precondition unavailable",0,NA,0.473526954650879,"skip"
"33-panel-series-events","PN-18",NA,"labelled panel translates codes",NA,"PASS",NA,0,NA,7.3992645740509,"pass"
"33-panel-series-events","PN-19",NA,"underenheter panel works",NA,"PASS",NA,0,NA,1.34273195266724,"pass"
"33-panel-series-events","PN-20",NA,"custom frequency without dates aborts informatively",NA,"PASS","No snapshots available for the requested period range.",0,NA,0.0431864261627197,"pass"
"33-panel-series-events","PN-21",NA,"period values are period labels, not raw snapshot dates","D-65","FAIL"," logi FALSE",0,NA,3.38900113105774,"defect_confirmed"
"33-panel-series-events","SE-01",NA,"series returns rows",NA,"PASS",NA,0,NA,0.00047755241394043,"pass"
"33-panel-series-events","SE-02",NA,"series has a period column",NA,"PASS",NA,0,NA,0.0108804702758789,"pass"
"33-panel-series-events","SE-03",NA,"series names summary columns as col_fn",NA,"PASS",NA,0,NA,0.000478029251098633,"pass"
"33-panel-series-events","SE-04",NA,"counting mode works without .vars",NA,"PASS",NA,0,NA,0.285086631774902,"pass"
"33-panel-series-events","SE-05",NA,"national totals equal the sum of grouped totals",NA,"PASS",NA,0,NA,1.27364683151245,"pass"
"33-panel-series-events","SE-06",NA,"multiple summary functions produce multiple columns",NA,"PASS",NA,0,NA,0.209730863571167,"pass"
"33-panel-series-events","SE-07",NA,"multiple grouping variables are supported",NA,"PASS",NA,0,NA,0.274900436401367,"pass"
"33-panel-series-events","SE-08",NA,"series counts match panel counts per period",NA,"PASS",NA,0,NA,3.78881454467773,"pass"
"33-panel-series-events","SE-09",NA,"brreg_panel_meta is attached",NA,"PASS",NA,0,NA,0.000498533248901367,"pass"
"33-panel-series-events","SE-10",NA,"an unknown grouping column aborts informatively",NA,"PASS","i In argument: `dplyr::across(dplyr::all_of(grp))`.
Caused by error in `across()`:
i In argument: `dplyr::all_of(grp)`.
Caused by error in `dplyr::all_of()`:
! Can't subset elements that don't exist.
x Element `nope` doesn't exist.",0,NA,0.290422916412354,"pass"
"33-panel-series-events","SE-11",NA,"quarterly and monthly frequencies work",NA,"PASS",NA,0,NA,2.50200963020325,"pass"
"33-panel-series-events","EV-01",NA,"events returns rows",NA,"PASS",NA,0,NA,0.000586032867431641,"pass"
"33-panel-series-events","EV-02",NA,"documented columns are present",NA,"PASS",NA,0,NA,0.000514984130859375,"pass"
"33-panel-series-events","EV-03",NA,"event types are the documented set",NA,"PASS",NA,0,NA,0.000497341156005859,"pass"
"33-panel-series-events","EV-04",NA,"event_date equals the later snapshot",NA,"PASS",NA,0,NA,0.000431537628173828,"pass"
"33-panel-series-events","EV-05",NA,"exits equal the set difference of org numbers",NA,"PASS",NA,0,NA,0.270126581192017,"pass"
"33-panel-series-events","EV-06",NA,"entries equal the reverse set difference",NA,"PASS",NA,0,NA,0.260302782058716,"pass"
"33-panel-series-events","EV-07",NA,"planted municipality changes are detected",NA,"PASS",NA,0,NA,0.00116515159606934,"pass"
"33-panel-series-events","EV-08",NA,"change rows carry both values",NA,"PASS",NA,0,NA,0.000703573226928711,"pass"
"33-panel-series-events","EV-09",NA,"entry and exit rows carry no field",NA,"PASS",NA,0,NA,0.000496864318847656,"pass"
"33-panel-series-events","EV-10",NA,"cols restricts the tracked fields",NA,"PASS",NA,0,NA,0.379315853118896,"pass"
"33-panel-series-events","EV-11",NA,"identical snapshots produce no events",NA,"PASS",NA,0,NA,1.87259221076965,"pass"
"33-panel-series-events","EV-12",NA,"an unknown snapshot date aborts",NA,"PASS","No snapshot for 1999-01-01. Run `brreg_snapshots()` to see available
dates.",0,NA,0.0241806507110596,"pass"
"33-panel-series-events","EV-13",NA,"reversed dates are rejected or clearly labelled",NA,"FAIL"," logi FALSE",0,NA,1.85228824615479,"regression"
"33-panel-series-events","EV-14",NA,"no org number appears as both entry and exit",NA,"PASS",NA,0,NA,0.00057220458984375,"pass"
"33-panel-series-events","TS-01",NA,"series converts to a tsibble",NA,"PASS",NA,0,NA,0.0168769359588623,"pass"
"33-panel-series-events","TS-02",NA,"panel converts to a tsibble","D-67","PASS",NA,0,NA,5.01832246780396,"pass_unexpected"
"33-panel-series-events","TS-03",NA,"explicit key and index are honoured",NA,"PASS",NA,0,NA,0.0145382881164551,"pass"
"33-panel-series-events","TS-04",NA,"the tsibble index is a Date",NA,"PASS",NA,0,NA,0.0314648151397705,"pass"
"33-panel-series-events","TS-05",NA,"no rows are lost in conversion",NA,"PASS",NA,0,NA,0.0126967430114746,"pass"
"35-replay","RP-00",NA,"a usable update sample overlaps the base",NA,"PASS",NA,0,NA,0.000674009323120117,"pass"
"35-replay","RP-01",NA,"replay returns the base schema",NA,"PASS",NA,0,NA,26.799284696579,"pass"
"35-replay","RP-02",NA,"replay attaches replay_info",NA,"PASS",NA,0,NA,24.8591017723083,"pass"
"35-replay","RP-03",NA,"replay_info counts sum to the applied updates",NA,"PASS",NA,0,NA,24.6169137954712,"pass"
"35-replay","RP-04",NA,"deletions remove rows",NA,"FAIL"," logi FALSE",0,NA,21.6556022167206,"regression"
"35-replay","RP-05",NA,"an empty update set returns the base unchanged",NA,"PASS",NA,0,NA,0.000903844833374023,"pass"
"35-replay","RP-06",NA,"target_date includes events on that day","D-69","FAIL"," logi FALSE",0,NA,42.768123626709,"defect_confirmed"
"35-replay","RP-07",NA,"an earlier target applies fewer updates",NA,"PASS",NA,0,NA,24.6434361934662,"pass"
"35-replay","RP-08",NA,"field changes are actually applied",NA,"PASS",NA,0,NA,25.5055317878723,"pass"
"35-replay","RP-09",NA,"address changes are replayed rather than dropped","D-71","FAIL"," logi FALSE",0,NA,0.059502124786377,"defect_confirmed"
"35-replay","RP-10",NA,"every observed CDC field maps to a state column","D-71","FAIL"," logi FALSE",0,NA,0.0606415271759033,"defect_confirmed"
"35-replay","RP-11",NA,"replay without include_changes signals rather than silently no-oping","D-70","FAIL"," logi FALSE",0,NA,1.79617857933044,"defect_confirmed"
"35-replay","RP-12",NA,"cols restricts the replayed columns",NA,"PASS",NA,0,NA,16.0705065727234,"pass"
"35-replay","RP-13",NA,"new entities are inserted with a resolvable identity",NA,"SKIP","precondition unavailable",0,NA,23.2507600784302,"skip"
"35-replay","RP-14",NA,"replay never introduces duplicate org numbers",NA,"PASS",NA,0,NA,22.2910330295563,"pass"
"35-replay","RP-15",NA,"replay preserves column types",NA,"PASS",NA,0,NA,21.8389918804169,"pass"
"35-replay","RP-16",NA,"replay agrees with a live lookup on a changed entity",NA,"PASS",NA,0,NA,23.5708935260773,"pass"
"35-replay","RP-17",NA,"replaying twice is idempotent",NA,"PASS",NA,0,NA,63.1148128509521,"pass"
"31-download","DL-01",NA,"path output returns an existing gzip file",NA,"PASS",NA,0,NA,0.0325677394866943,"pass"
"31-download","DL-02",NA,"path output is inside the package cache directory",NA,"PASS",NA,0,NA,0.0180802345275879,"pass"
"31-download","DL-03",NA,"roller csv is coerced to json with a message",NA,"PASS",NA,0,NA,0.0119647979736328,"pass"
"31-download","DL-04",NA,"underenheter path output works",NA,"PASS",NA,0,NA,0.00572633743286133,"pass"
"31-download","DL-05",NA,"refresh = auto without a change does not re-download",NA,"PASS",NA,0,NA,0.889348745346069,"pass"
"31-download","DL-06",NA,"refresh = auto compares against the server","D-22","FAIL"," logi FALSE",0,NA,0.00346159934997559,"defect_confirmed"
"31-download","DL-07",NA,"an unrecognised refresh value is rejected","D-23","FAIL"," logi FALSE",0,NA,0.00810599327087402,"defect_confirmed"
"31-download","DL-08",NA,"cache = FALSE does not leave a cached payload behind","D-24","FAIL"," logi FALSE",0,NA,69.1654598712921,"defect_confirmed"
"31-download","DL-09",NA,"csv tibble output maps to English column names",NA,"PASS",NA,0,NA,1.21335434913635,"pass"
"31-download","DL-10",NA,"arrow output maps to the same column names as tibble output","D-25","ERROR","Invalid: CSV parse error: Expected 90 columns, got 63: Jonas Lies gate 53C"",""TROMS<U+00D8>"",""9009"",""TROMS<U+00D8>"",""5501"",""Norge"",""NO"","""","""","""",""2014-07-17"",""2013- ...",0,NA,10.9970052242279,"defect_confirmed"
"31-download","DL-11",NA,"arrow output is not materialised as a data frame",NA,"ERROR","Invalid: CSV parse error: Expected 90 columns, got 63: Jonas Lies gate 53C"",""TROMS<U+00D8>"",""9009"",""TROMS<U+00D8>"",""5501"",""Norge"",""NO"","""","""","""",""2014-07-17"",""2013- ...",0,NA,2.39389228820801,"regression"
"31-download","DL-12",NA,"arrow output row count matches the register",NA,"ERROR","Invalid: CSV parse error: Expected 90 columns, got 63: Jonas Lies gate 53C"",""TROMS<U+00D8>"",""9009"",""TROMS<U+00D8>"",""5501"",""Norge"",""NO"","""","""","""",""2014-07-17"",""2013- ...",0,NA,2.40231585502625,"regression"
"32-snapshot","SN-01",NA,"underenheter snapshot writes a parquet partition",NA,"PASS",NA,0,NA,0.0208163261413574,"pass"
"32-snapshot","SN-02",NA,"snapshot is listed",NA,"FAIL"," logi FALSE",0,NA,0.0216827392578125,"regression"
"32-snapshot","SN-03",NA,"snapshot records a manifest entry",NA,"PASS",NA,0,NA,0.0292394161224365,"pass"
"32-snapshot","SN-04",NA,"manifest records a file hash",NA,"PASS",NA,0,NA,0.012549877166748,"pass"
"32-snapshot","SN-05",NA,"manifest record_count matches the parquet row count",NA,"PASS",NA,0,NA,5.74798655509949,"pass"
"32-snapshot","SN-06",NA,"re-snapshotting without force is a no-op",NA,"PASS",NA,0,NA,0.0230522155761719,"pass"
"32-snapshot","SN-07",NA,"the snapshot store contains only parquet files","D-54","FAIL"," logi FALSE",0,NA,0.00775718688964844,"defect_confirmed"
"32-snapshot","SN-08",NA,"arrow can open the store written by brreg_snapshot","D-54","ERROR","Invalid: Could not open Parquet input source '/home/claude/tidybrreg-stresstest/tmp/snapshot-store/underenheter/snapshot_date=2026-08-05/raw/underenheter_bulk.csv.gz': Parquet magic bytes not found in footer. Either the file is corrupted or this is not a parquet file.",0,NA,1.03944778442383,"defect_confirmed"
"32-snapshot","SN-09",NA,"arrow reads the expected row count from the store","D-54","ERROR","Invalid: Could not open Parquet input source '/home/claude/tidybrreg-stresstest/tmp/snapshot-store/underenheter/snapshot_date=2026-08-04/raw/underenheter_bulk.csv.gz': Parquet magic bytes not found in footer. Either the file is corrupted or this is not a parquet file.",0,NA,0.0127980709075928,"defect_confirmed"
"32-snapshot","SN-10",NA,"snapshot date partition key matches the requested date",NA,"PASS",NA,0,NA,0.0144903659820557,"pass"
"32-snapshot","SN-11",NA,"force overwrites rather than duplicating a partition",NA,"PASS",NA,0,NA,112.171144962311,"pass"
"32-snapshot","SN-12",NA,"manifest ids remain unique after a forced re-snapshot","D-55","FAIL"," logi FALSE",0,NA,0.0111804008483887,"defect_confirmed"
"32-snapshot","IM-01",NA,"import writes a partition",NA,"PASS",NA,0,NA,0.00699806213378906,"pass"
"32-snapshot","IM-02",NA,"imported partition is listed",NA,"PASS",NA,0,NA,0.00471973419189453,"pass"
"32-snapshot","IM-03",NA,"imported partition parses to the mapped schema",NA,"PASS",NA,0,NA,6.9394383430481,"pass"
"32-snapshot","IM-04",NA,"import records provenance in the manifest","D-56","FAIL"," logi FALSE",0,NA,0.0258898735046387,"defect_confirmed"
"32-snapshot","IM-05",NA,"import without force does not overwrite",NA,"PASS",NA,0,NA,0.0220224857330322,"pass"
"32-snapshot","IM-06",NA,"import with force overwrites",NA,"PASS",NA,0,NA,42.776921749115,"pass"
"34-sync","SY-01",NA,"status before sync reports nothing initialised",NA,"PASS",NA,0,NA,0.0553333759307861,"pass"
